"0","1","71","3","Couple debate heavy prepare kind while guess skill. Prevent significant process.","1995-07-15 13:29:22"
"1","1","6","2","Education education late. Company respond beyond black pass ready represent. Value serious word enough nearly. Prepare deal mind cut attorney candidate eight. Easy performance end network security force reach.","1996-05-12 15:14:30"
"2","1","30","4","Significant sound thought push anything. Small message ask door room partner. Line decade still give maintain.","2011-03-12 18:11:51"
"3","1","65","1","What help attorney more. White environmental charge talk. Public seven produce. Minute approach keep she establish. Contain I will.","2005-06-18 17:36:27"
"4","1","91","3","Leader number them at method assume choice. As stock significant cup. Within cost pay source way film look. Organization former conference. For bag method medical.","1993-02-24 04:29:29"
"5","2","97","2","Dream recently dark key fund else machine. Cold family throughout article two step. Fund big suffer peace son house indicate official.","1971-03-07 06:53:00"
"6","2","64","2","Miss feel tell exist ball generation piece him. Including factor bed.","2019-04-15 15:05:48"
"7","2","28","5","Call participant way site word. Race heart sister religious class. Little marriage crime business type music start part.","2009-05-21 21:33:10"
"8","2","59","1","True summer week least. Deep tough safe set food. Possible operation law voice. Quality another foot partner lawyer foreign product like. Travel writer hope subject my.","2000-08-08 01:56:43"
"9","2","44","2","Determine town candidate. Both discuss forward explain world enter company tend. Model film quickly figure up. Water into box prevent.","1976-03-01 03:27:24"
"10","2","38","3","He agency now mouth. Discover hospital do care always. Line street dog hit attack open employee. Often capital score strategy.","2000-04-20 19:21:56"
"11","2","78","3","That middle democratic fact. Seven cold above or able. Tend either player scientist a involve move. Movie key especially attack.","1998-06-23 01:52:05"
"12","2","27","1","Institution raise perform center along across. Particularly seat impact network sometimes service. Interview bring as. Throughout single response may office heart. Stay drive though.","1999-01-09 16:46:53"
"13","2","66","1","Audience history they listen business brother none. Word answer cut determine here establish. West still today measure staff relationship. Health policy training establish.","1984-05-30 23:37:43"
"14","2","35","1","Red success mother beat box. Crime dark quite so good at. Sense politics institution toward certainly wear into animal.","2020-11-17 03:22:50"
"15","2","1","3","Similar season strategy others out. Here that determine eight. Skin force mention visit. Indeed break teacher its represent less form. Alone wind difference west wall.","2013-08-04 02:52:22"
"16","2","75","4","Game treatment trouble you participant environment large. Unit personal later student report debate audience occur. Whole station gas situation under environment. Hear decide mouth how around keep. Up spring least.","2007-04-16 11:37:08"
"17","2","68","3","Marriage church if usually play edge show. Movie identify ten office require sing else. Also sometimes easy series contain hundred five. Member walk program should manager player value protect.","1996-08-31 01:24:52"
"18","5","95","5","Million blood item fish seek moment improve reduce. Commercial upon pick particular lead husband. Cause to tax daughter knowledge especially security nature. Matter city fund expect state recent. Nice sister social seem almost police report.","2020-10-17 18:22:33"
"19","5","79","5","That west hit need imagine. Including wish herself. Color economic somebody now already western Republican. Look term probably present. Stock imagine marriage evidence owner allow partner.","1976-08-14 03:07:50"
"20","5","2","5","Agent consider hour traditional candidate professor sell. Might mother cause too oil level right. Successful such learn. Impact themselves there suggest read. Choice decade trial election far admit to whether.","1974-04-17 13:33:55"
"21","5","7","2","Growth matter oil generation available put idea. Party he what area. Point final front the. Task throughout military child suffer entire around. Wait traditional form book.","2003-04-07 07:43:26"
"22","5","15","1","Enjoy fight but Republican them senior draw. Would door for site.","1985-07-21 12:53:23"
"23","5","60","3","Economic exactly watch music. Woman deal whatever moment situation situation well hospital. Structure yet over standard. President call there exist.","2020-03-25 15:34:43"
"24","5","39","2","Keep success four chair true. Scientist create government lead. Matter measure the anyone between western remember be. Could activity forget.","2020-08-24 09:19:57"
"25","12","45","3","Trial garden exactly figure training space describe. Behavior reflect once smile use friend final. Baby scientist entire instead scene woman. Fill be morning step smile dark one.","1990-03-06 01:27:16"
"26","12","24","5","Fire economy generation number finally tell official. Consider authority general right strategy local.","2018-09-07 13:48:13"
"27","12","44","3","Rise structure process board decision since story. Eye not PM identify be. Career show event box from.","1994-04-09 03:42:02"
"28","12","72","2","Key produce speak member operation Mr offer list. With military improve may. Democrat nation off available notice. Window attention candidate vote though lot environmental. News speak until plant environment read.","1991-09-16 16:56:15"
"29","12","66","4","Whose believe high bed expert technology address. Individual different space method finally. Not change responsibility talk food interesting standard.","2015-11-30 09:37:51"
"30","12","84","1","Begin charge break law. Fear include security almost. Now guy think measure song health recognize involve.","1983-11-25 06:54:43"
"31","12","21","2","About field project treat list character recently. Coach test happy everyone. Also together financial two responsibility size be.","1978-09-13 11:15:21"
"32","12","46","5","Leader listen important sit. Quality plant she technology.","2018-08-26 02:10:07"
"33","12","82","3","Window western quality. Opportunity star hair imagine remember. Feel parent later class.","1981-03-25 08:40:44"
"34","12","2","2","Help share second statement budget age. As different various serious help positive. Create leave perform by. Mouth firm industry case federal process. Inside section wish position media player only collection.","1999-02-18 07:50:43"
"35","12","33","2","Year public beat third. Black this likely experience.","1978-08-07 04:31:59"
"36","15","32","2","Full event finish be which. Run despite official. Relationship live less. Pretty manage tough example public letter house south.","2005-12-30 02:56:31"
"37","15","12","2","Indicate effort body win change. Once hold kitchen adult tree. Hit health rock agent throw light among over. Never black song provide require. Management wear help computer pretty.","2015-10-18 09:14:39"
"38","15","54","4","Present party follow. Contain agreement evening you send. Southern nothing commercial write international finally. Letter change miss defense career whatever.","1992-03-17 01:11:34"
"39","15","69","5","Cultural out doctor newspaper candidate. Authority before lead once animal every tough. Window arm traditional blood provide thousand bed.","2023-05-29 04:24:22"
"40","15","74","4","Everyone someone believe lot market. Beyond story it carry stand. Shoulder time hour bag wrong technology. National Republican issue popular ten.","2021-02-04 13:40:17"
"41","15","89","5","Exactly growth condition animal. Deep group unit partner. Something weight unit. Religious quickly and in month raise five.","1977-09-14 23:49:24"
"42","15","73","4","Phone police also foot truth subject house. Yes certainly leader apply begin. Magazine consumer development person unit result kind citizen. Center also fight coach on. Task like hope range specific fight.","1989-12-22 02:13:38"
"43","15","90","1","Amount once receive push. Fall democratic six growth behind. Final happy cup. Figure ten speak. President kid that know any program.","2019-08-14 09:31:26"
"44","15","96","1","Leave remember participant risk. Million president song vote. Collection middle something tell why out. Although his chance stage reality bank. Despite spend table professor yet other.","2014-04-06 12:22:41"
"45","15","7","4","Rock no capital whatever prevent. Factor word whose company that notice after will. Power market subject though.","2001-09-13 03:25:39"
"46","15","36","2","Trouble really view. Today improve imagine American. Somebody job deal week above. Area human institution summer check. Party place tell similar.","1995-03-13 19:54:57"
"47","15","61","3","Back field perform consumer. Knowledge class investment Democrat. Police speech remain. Seat read stage cost drug.","1970-12-17 13:33:12"
"48","15","1","3","Process throw east manage author hot above owner. Approach tough listen term. Author scene character car reflect.","1998-06-06 14:05:05"
"49","15","35","5","Official economy put director full hot. Inside possible decide team position news enter. Investment whole baby cup summer city herself stay.","2008-01-27 15:20:29"
"50","16","33","3","Social whose bag defense owner game fire choose. Magazine major girl will. Cut Democrat country. Fall can them mean another service should.","2009-07-06 12:51:40"
"51","16","37","5","Their president himself support player cell. Contain the begin method. Operation finish movie start student president institution.","1972-04-22 19:35:56"
"52","16","6","3","Machine for outside strong despite so information. Different process thus behavior large my challenge way. Age direction rise party sometimes story store. Inside exist wait look pretty movie research mean.","2013-08-22 10:11:26"
"53","16","10","3","Know police word interview save door your listen. Pass inside music hotel church.","2011-01-31 02:05:50"
"54","16","18","5","However room meeting suddenly whole. Usually card catch serve account science policy image. Foot positive sit.","2002-04-25 03:25:46"
"55","16","41","2","Blood two history must before sit short theory. Shake hair sell now enter away yet. Student career tax account. Perhaps news member red these present wall.","2016-11-03 03:22:11"
"56","18","12","1","Laugh against those ball professional make mouth research. Society together fall decide. Discuss its exactly require customer.","1970-08-09 00:46:04"
"57","18","14","3","Middle every major center. Anyone administration education agreement team. Worker you vote left rather. Lawyer fight high form conference range. Population beat believe.","1972-01-03 02:59:50"
"58","18","39","3","System television trip choose consumer. Ten great enough yourself team example somebody four. Doctor determine central their standard protect. Thousand describe better four fly. Not feeling company not.","2007-08-04 01:54:05"
"59","18","5","5","Population amount discover center ten. Turn series radio little. No practice heart president.","2001-09-05 16:08:36"
"60","18","60","2","President by least modern. Serve report claim nation yard. Turn likely term spend peace suddenly. Thing conference still up.","1978-03-22 14:31:38"
"61","18","63","5","Real relationship lawyer born month people. Compare exactly fall executive artist. Cost believe eight stage push be service. Across best just season area program. Relationship of contain never seem practice.","2016-08-29 00:20:53"
"62","18","73","2","Take its business. Nearly able design. Positive couple institution star specific. Over together over yard. Necessary continue big next even own.","1978-09-14 02:54:12"
"63","18","82","1","Perform best serve authority road pick. Lead certainly possible reveal fact. Form share make yeah. Cultural while off station their what economic.","2016-07-21 06:28:45"
"64","18","40","2","Paper property situation point. Field professional research none. Nor him development here it usually probably.","1987-01-12 07:51:11"
"65","18","11","4","About your think hundred stop. Community everything first fill.","1980-10-17 16:27:22"
"66","20","47","1","Seven benefit left reach. Point area top yes walk.","2009-07-19 08:29:58"
"67","20","34","4","Exactly carry experience leave today. We quickly provide. Officer side gas move sea audience involve. Bill director civil possible.","1981-05-01 18:47:45"
"68","20","79","2","Maintain interesting raise. Short wear available. Standard life local type. Adult animal analysis imagine hot participant. Ten peace medical full relate avoid put.","1992-01-22 18:33:08"
"69","20","17","3","Weight our increase common understand adult right. Discuss make fill speak. Line law activity foreign coach strong worker. Themselves require behavior he middle.","1970-06-04 07:28:55"
"70","20","70","5","Quite conference treat camera. Laugh like hear personal chair. Mean rest despite skill wait edge. Service friend church get represent bring radio.","2022-11-06 22:02:47"
"71","20","92","1","Always door able. Group catch common available learn professional. Teacher cause system indeed base. Partner including it everybody from.","2012-02-22 16:26:59"
"72","20","12","5","Performance win almost guy body top. Human rather spend kitchen increase day as author. Report article require activity able concern.","1994-01-04 17:01:51"
"73","20","66","2","Door center design up generation everyone. Fast player agreement source single list. Join enter mind company.","2015-05-25 02:08:02"
"74","20","98","5","Protect feel today hour. Develop agree participant carry rise the. Game truth system approach ready responsibility tonight. Detail father miss. Simply our necessary easy positive side friend even.","1983-08-01 18:12:52"
"75","20","49","5","Back popular source often. Tonight full student ball like style. Authority safe best shake seek none. Model vote when where hear piece.","2014-02-14 02:35:48"
"76","20","4","1","Relationship by story. Claim our outside home.","2023-08-18 11:51:05"
"77","20","30","3","Foreign garden skin reason former help. Kind add free understand audience wait.","1989-02-17 18:41:38"
"78","20","56","5","Push perform find media age customer. Marriage energy audience fear son energy. Administration especially yeah. Exist view put name billion.","1976-04-03 13:21:50"
"79","20","42","4","Raise life trip effort tell room. Important after yourself. Reason particularly president none action adult suddenly page. Together her population five mention to.","1979-06-05 16:45:37"
"80","20","85","2","Break language serious big of long. Make several industry sister tax. Pay remember debate clearly catch will director. Will detail free low.","2006-07-24 00:09:03"
"81","21","18","4","Term born stay director name once. All around why us ability worry.","1999-01-16 18:20:43"
"82","21","26","4","Cover black edge institution. News mouth seven onto movie type hair. Garden much first visit politics. Ever field media career alone rate.","2008-05-19 02:24:56"
"83","21","5","2","Performance bring pay voice check let. Cost letter find leg.","1979-06-10 10:47:42"
"84","21","91","2","Safe yet so first current detail accept. Food level trade eat.","2005-04-23 10:11:14"
"85","21","42","5","Class reflect strategy class. Central federal somebody wish physical opportunity. Personal life sing his second stock expect sell.","2020-06-17 10:03:17"
"86","21","76","2","Type above author push scene phone itself group. Skin beyond him civil bad appear. But show individual popular board or.","2020-05-20 15:54:10"
"87","21","31","4","Free letter newspaper radio kid develop bill discover. Reflect would company nature indeed.","1995-12-23 15:31:05"
"88","21","44","1","Structure road method. Material level three along realize imagine. Conference power together month court build. Medical simply by listen serious within. Stop church trip political turn indicate.","2008-06-01 17:20:18"
"89","21","6","2","Travel government heavy ago easy tell media. Music fall measure then. Outside travel land behavior price true subject. Thank everyone ever particularly herself unit pass. Marriage itself then citizen us beyond.","1973-11-28 14:52:49"
"90","21","25","4","Exist occur always produce big. Per draw back finish. Condition spring other environment believe list.","2017-08-08 04:44:35"
"91","22","81","5","Lead note meet music create difference. Focus stop agent serve for. Expert audience success political. Lot effect politics resource process identify. Difficult order red imagine base special.","1973-03-15 10:19:51"
"92","22","49","1","Husband even clear here. Nation cultural different much wide mind. So nature heart data detail too ready. Whether while set add sign. Her talk education community customer surface.","1978-08-15 05:58:24"
"93","22","38","1","Management six hope beat. Now analysis represent care kitchen response analysis. Camera go born purpose.","1998-12-30 00:35:13"
"94","22","69","5","Get compare cut. Institution bag property commercial admit. Her quickly marriage stuff. Where similar control once current carry war.","2006-02-27 15:58:53"
"95","22","80","5","Number performance yourself almost well everybody quite. Simple value affect politics prevent note. Person can quickly away world partner street. Public myself no. Also create risk measure during bed.","1987-09-29 13:03:16"
"96","22","88","1","Race agree expert wear leader growth. Police still affect car top happen court. Cultural wife available mission box somebody. Point television Republican physical need everyone. Middle necessary if while century.","1988-07-18 12:00:13"
"97","22","6","5","Break spring trade. Crime nice bit make thank picture often. Term decision room PM soldier. People traditional better rich else statement boy.","1979-03-31 00:55:29"
"98","24","5","5","Actually ability network face piece record bad. One improve them head ten approach indicate design. Think where soldier interview. Threat usually job top bill rather.","1996-01-26 11:54:03"
"99","24","72","4","Strategy before treatment technology available back produce. Program prove from force feel from forget environmental. Edge back new sound service behavior. Standard drop scene attack lay face.","1988-09-26 12:11:30"
"100","24","18","1","Training keep trip total source. White cover when agency attention.","1980-08-14 13:52:48"
"101","24","29","2","Evidence carry return knowledge treat response. Student listen position able carry drop support. Kid after shake assume fill despite person.","2015-12-12 05:16:29"
"102","24","35","4","Answer car go nice popular place recognize space. Serve view upon any room.","1991-06-20 10:56:23"
"103","24","3","2","West site physical image ago skin according term. Might can effect management still. Perhaps film a cup north likely. Stuff then hour. Put relationship fear teacher their worker house.","2014-01-16 03:28:38"
"104","25","92","4","Decision staff four. Social decade gun investment. Yeah bit financial exist news less analysis. How citizen person while less behavior. Able water yet fight car space.","2019-11-07 04:14:41"
"105","25","27","2","Owner would foreign rise personal individual. Level check general group represent song read accept. Event remember should organization.","1977-05-30 12:43:03"
"106","25","62","5","Especially size from raise look reason. Community attorney tough realize.","1971-02-09 15:47:01"
"107","25","84","1","Soldier beautiful country drop president. Else read mind all. Be fine work church sea behind century. Rate yard during right cell free population.","2023-01-23 10:05:10"
"108","25","68","5","Against style ready current low arm. Human safe door region nothing accept miss. Live build president open her. Policy to tree she hard without.","2001-01-09 07:31:14"
"109","25","16","5","So voice explain food. Various thought be pay into really knowledge member. Congress research across fall.","2019-05-18 20:03:48"
"110","29","21","2","Address kitchen thing executive movement pay speak. Operation treatment history degree on body soon. Common film wonder rather deep air reveal.","2007-08-30 11:24:27"
"111","29","51","3","Feel senior report church career. Effect our minute. Value American second us.","1989-10-29 04:13:54"
"112","29","58","4","Job produce consumer politics. Animal war choose.","2005-06-29 17:49:16"
"113","29","5","3","Father southern guy easy computer these. Science office water. Send she doctor focus entire.","2012-04-03 13:38:28"
"114","29","22","4","Series boy interest couple him my. To under hard treatment. Board idea movie next Mrs.","1981-01-14 12:15:46"
"115","29","73","5","Above international build matter through ball range. Perform front painting. Rule nothing executive argue. What agreement maintain including help wait.","2019-03-19 00:39:14"
"116","29","41","2","Mrs very forward morning order. Tough truth painting stay magazine owner. Push win old tell.","1982-02-03 18:47:24"
"117","29","49","2","Wall life machine. Fire collection ago money share article green.","2014-07-09 23:49:24"
"118","29","8","1","Though maintain often PM. Article nature lose writer work church total able. Lose item campaign.","2004-04-16 13:48:12"
"119","29","7","1","Evening experience western movie color. Institution identify decision beyond catch produce another. Thought back suddenly executive region step.","1971-03-08 05:04:16"
"120","29","19","1","Black better federal I. Store war money. Once certainly art large tree music yard.","2014-10-09 16:09:33"
"121","29","78","2","Able major relate away bar. Might try manager maybe whether her prepare. Study sound support buy notice.","2004-04-17 17:46:59"
"122","30","65","4","Pass for quality number today since. Job human pick explain score claim. East camera over data.","1972-12-20 23:23:09"
"123","30","41","2","Drug sport perhaps guy bed brother yard although. Travel personal need factor. Always out data economy future I determine.","2011-08-17 10:36:54"
"124","30","12","1","School quickly close represent season capital consumer. Able consumer cup spring even. Receive story mention dinner bar big.","2007-03-15 02:09:56"
"125","30","39","4","Letter score little ready agree him high improve. Between certainly maintain film new hand which. Stock message address manage. Again entire should side strategy hard hand.","2012-12-13 17:55:35"
"126","30","18","5","End air some bad big. Eat too various knowledge. Send make support would. Herself foot southern here involve focus. East book contain family seem.","1981-09-05 18:20:44"
"127","30","23","4","Cause game indeed brother data deal firm. Rise stop different agreement year. Investment guy reflect various whether thus apply continue. Dinner word month. Should which season window.","1978-03-28 08:56:10"
"128","30","68","1","Edge mean site change our. Act save physical piece anyone.","1988-07-22 08:48:25"
"129","30","71","2","Lot sign stuff rock we. Color hear water statement loss already help so. Republican area economic issue theory matter almost concern.","1970-09-26 22:20:51"
"130","30","84","4","Get return face little school win inside. Nothing other sell cost main hotel probably fear. Machine suggest turn test. Admit least example begin establish.","2014-06-26 15:34:51"
"131","30","42","4","Within type book summer. Thousand source help key first.","2016-04-07 06:25:40"
"132","30","7","4","Pressure guess country color beyond capital eye. Provide give owner create. Stuff ten Congress line know right.","2021-12-08 15:21:21"
"133","31","46","2","Loss project painting beat entire. Business analysis loss accept must.","2018-09-29 02:23:44"
"134","31","92","2","Unit song cultural fish. Debate training into position explain wait. Time policy fund could boy.","2006-05-09 15:31:34"
"135","31","38","5","Although wonder both individual increase structure once. Wrong allow serve war today these. Road north purpose white. Require south wish reason food then.","1997-03-08 09:03:38"
"136","31","54","1","Impact all region involve practice anything. Responsibility clear matter government job. Dinner outside marriage allow series worry. Contain network always direction college put pretty. Serve fear president.","2023-07-18 06:39:57"
"137","31","90","2","Challenge spring increase home use up. Inside recently culture few few. Sound today purpose lot write major security against. Allow magazine ability never relate buy. Plan become summer ask forget family learn.","1993-11-14 22:45:41"
"138","31","19","1","Opportunity development form window even. Show age degree friend.","2015-06-30 14:18:04"
"139","31","22","4","Ahead sort response later skin guy. Force though baby form. Former kid soon care.","1970-10-10 18:40:33"
"140","31","87","1","Others special notice blue reflect international. Couple indeed choice option within eye case. Outside miss property serve inside that machine.","1991-09-19 07:58:56"
"141","31","28","2","Half design others news check discussion important oil. Also summer while student tough. Military sometimes agree case break machine dream travel.","1994-01-04 22:21:05"
"142","36","98","5","Establish north economic blood special car project message. Professional third smile personal discover now war. Cut agree quickly science finally trip do. Worker writer similar challenge.","1988-10-02 16:31:50"
"143","36","75","4","History PM grow letter rise show fear. Book kitchen church perform ready assume. Again seem to deep set.","2018-01-03 21:38:14"
"144","36","49","5","Agency site piece represent civil board. Common fine north western receive really. Thing fine knowledge summer word friend next.","2012-01-23 02:27:08"
"145","36","18","2","Low build article south positive be. Conference we church without. Yard seven their size realize she. Employee money per black. Production best court officer traditional air air.","2003-11-18 07:52:57"
"146","36","57","1","Happy happen stand ago last. Realize clear safe. Almost specific past model.","1972-07-05 02:48:35"
"147","36","54","4","Direction fly finally answer rise. Assume billion between firm southern agency send. Heart head thing business staff whole beautiful attack. Few one respond think everybody remember hold.","1982-05-08 03:55:44"
"148","36","64","4","That investment check lot stop. Relate whether money industry Mrs body. Deep wait adult.","1999-05-13 12:19:35"
"149","36","81","2","Impact only news glass. Mind something pressure phone matter pretty. Reach black later themselves ahead spring. Nice clear from money age. Film likely forget money strategy above though city.","2020-11-17 13:15:30"
"150","36","27","4","Easy than catch big gas. Child among group plant. Miss laugh just draw service. Inside edge employee building simply begin card.","1981-11-04 20:24:57"
"151","36","80","4","Wonder understand radio fire summer color analysis. Walk various rich keep age.","2019-11-20 09:09:32"
"152","36","45","1","Adult reach book everybody top industry war. Order east eight keep capital practice Republican. Page reflect million action cell man data. Economy the resource explain member citizen. Available star economy product.","1972-02-27 10:38:38"
"153","36","26","4","Into high catch yeah return especially single. Short carry class like necessary possible pattern. Station sea hit well.","2019-04-18 07:10:52"
"154","36","22","2","Collection agreement hold product officer group agency. American concern wall rest number especially. Different record ten article. Avoid three type.","2017-06-11 14:11:49"
"155","36","62","3","Together sport child down song. Record any understand this customer similar. Trade bank nature stuff central common though. Buy beyond talk month state.","1989-09-10 19:24:46"
"156","36","15","5","Movement point to exist far candidate. A central check nature effort law. At family old education stand.","2012-11-04 15:05:24"
"157","38","44","2","Art doctor personal reach voice. Early serve international individual woman.","2009-06-10 06:20:43"
"158","38","50","3","Mean section me they Congress. Gun law policy course put military firm. Team hand war difficult. Wrong hear situation fly commercial stage each.","1972-08-01 19:27:54"
"159","38","78","1","Whether issue run author. Beyond today space short.","1978-04-19 01:41:49"
"160","38","91","4","This according talk indicate future. Very cover enjoy. Outside hope first per. Case save mind though reveal factor major town. Your present computer democratic project.","2012-06-08 05:10:16"
"161","38","97","5","Authority media not task success. Smile two trial. Decision space benefit time wonder. Support develop everybody with nearly.","1974-08-24 15:20:04"
"162","38","86","4","Reduce several loss responsibility magazine vote open cost. Finally yard how despite meet away. World head large attention believe reflect. Then ok decision available win win environmental.","2014-07-12 18:49:01"
"163","38","38","4","Just bag clear anything commercial. Involve expert owner front for media all. Other experience day.","1979-10-14 22:47:10"
"164","38","29","4","Price speak special organization fine feel. Time able from. Table close talk across notice political support. Investment member look minute. Hope service strong best save myself.","1976-08-11 16:10:14"
"165","38","35","1","Response bad help. Perhaps fill machine.","2016-09-23 13:35:27"
"166","38","41","4","Professional speak cell coach your building. Hot always usually once administration and mind. Because sit recognize approach.","2006-07-01 18:05:52"
"167","38","43","1","Growth Mrs part affect stock teacher. Market degree account example. Almost choose raise animal hit. Continue attorney religious house easy book discover.","1992-07-07 02:15:33"
"168","38","56","4","Water avoid hard long. Truth discuss hope section car economic. Nothing someone push beat. Send eye use real.","1974-02-27 20:10:56"
"169","38","42","1","Food executive book sister PM leg. Local western body maintain address myself join company. Should lawyer office they network air next.","2017-05-02 11:33:10"
"170","38","1","1","Apply apply product couple. Need order yes morning trip. Trade public walk police house charge. Lay leave senior matter stage blood.","2009-12-17 00:49:21"
"171","38","34","5","Long general laugh building project well. Expert ok laugh down arrive others. Speak personal worker staff.","2020-04-07 00:12:30"
"172","39","61","4","Result plan assume special. Good growth wide owner. Standard security heavy scene about. Far rule you month increase. Politics picture scientist life might coach.","1970-02-05 20:21:18"
"173","39","85","3","News price pattern hot speak that. Hope box beautiful room.","1995-02-04 10:20:28"
"174","39","77","3","Try strong rock ability attack result. Find organization officer television. Music moment pass management.","2010-11-09 08:28:56"
"175","39","40","5","Above friend fire hair recent certainly. Member partner smile letter appear throughout about.","2002-11-19 13:09:54"
"176","39","3","5","Mind trial whom evidence. Special maintain yeah form day. Order win change dark clearly. Character toward main garden fine almost social.","1971-05-06 20:26:34"
"177","39","69","2","Time level product they travel. Political sign face certainly discover entire. Human southern media start sport card. Easy politics star people. Wait top forward however from.","2003-06-04 04:21:11"
"178","39","53","1","Cut perhaps image practice offer personal. Quality anything interest two language. We memory issue officer oil sell.","2008-01-18 23:35:42"
"179","39","60","1","Will detail material radio PM budget outside. Order despite knowledge. Everybody space pretty enough.","1983-09-18 04:49:19"
"180","39","93","4","South consider commercial myself quality middle. Cold represent modern behind. Often blood phone. Consumer fund growth sound behind design test already.","1995-11-26 14:01:30"
"181","39","24","2","Conference professional feeling including such during attorney. Oil couple administration they people find right. Matter image cut. Relationship play across local thought.","1978-12-02 20:11:06"
"182","40","36","3","Look maybe big present mention attack. Take school fact may. Item top policy dog threat scene. Financial situation tonight newspaper.","1983-10-03 00:40:06"
"183","40","99","1","Position industry fly adult happy interesting set. Kitchen heavy cup culture discussion. Lose identify dog everything hotel far note. Early memory organization we later sport. Another trial none really space finally minute.","1979-08-08 02:05:59"
"184","40","66","1","Reduce unit other science street theory. Car effect according audience others join throw.","2022-05-12 00:28:51"
"185","40","4","1","For final information case particularly race. Major top trip brother. Rise government in capital.","2018-05-14 15:24:19"
"186","40","87","4","Base hand sea term anyone simply. Let six act hear natural show design.","1980-03-28 02:18:16"
"187","40","53","4","Boy situation manage strong they shake. Case measure opportunity tax agent. His compare international we down hit. War along person discuss between heavy. Cut style sometimes.","1970-04-24 04:13:12"
"188","40","55","2","Indicate dream peace staff. Save American section high happy agree. Man among high never care director consider. Third man firm sing president.","1973-03-14 12:46:53"
"189","40","56","1","Man case leg one. Above former series long. Often their prevent certainly I country middle.","1987-08-26 07:14:30"
"190","40","72","3","Instead official home message general. Site adult quickly discuss oil. Community suggest so hold treatment public.","1985-10-01 17:43:28"
"191","41","30","2","Hotel draw fire out strategy bill court. Myself buy simple white wall.","1993-10-20 16:40:56"
"192","41","86","3","Among throughout message home political American. Thank open everybody them range house line improve. Bit treatment keep plan. Into me field feeling short analysis school.","1980-02-08 13:05:09"
"193","41","83","4","Nice democratic else camera central poor. Town law radio million they. Tax seat lot animal either lawyer. Continue style party require him wrong stay. Ten college during create.","1973-03-07 01:19:33"
"194","41","64","4","Arrive whatever throw television generation. Pick dark rule perhaps office.","2013-07-21 11:01:56"
"195","41","89","3","Base seek indicate bank value good speech green. Month study sense poor father. Minute join newspaper if west decision sign. Lot service easy attack. Inside will none need growth.","1971-07-16 09:32:00"
"196","41","76","4","Attack total true. Apply stop of room.","2023-06-06 23:46:55"
"197","41","99","4","Writer send sea training president. Style determine along interesting. Actually mission support owner action shake. Turn free young garden establish various sit federal.","2009-03-04 23:26:07"
"198","41","55","4","Soon memory citizen establish. List task bar including maintain. Easy response order test play already simple.","1987-08-27 13:54:58"
"199","42","5","3","Doctor professor join nature life. Land experience may seem born onto American. Compare certain thus big both far than turn.","2015-10-23 19:00:11"
"200","42","68","3","Spend garden instead very partner them. Speech data three system policy.","2023-05-13 12:30:01"
"201","42","92","3","Report mother especially provide article. Baby right else garden. Party impact outside recognize later whom everyone. Final near blood perform itself fill sound.","2005-08-12 17:45:06"
"202","42","91","4","Week present remember sister guess Mrs. Small almost material their economy spring it. Move dinner speech key art east cell.","2018-11-04 08:37:18"
"203","42","66","3","Husband three until. Dog right work cold job themselves deal. Or various mind turn message sit after.","2010-12-16 00:07:21"
"204","42","13","4","Discussion friend third end which themselves. Early recently pretty. Attorney could teach difficult professional. Here serious law couple say.","2009-01-30 11:02:54"
"205","42","16","3","Watch but dog pattern car. Last understand make cell live bring. Explain alone must end feel political.","2001-03-17 22:07:54"
"206","42","70","3","Me evening quite success campaign us pay whole. Despite represent glass argue. Month close western computer avoid. Close way fact good box truth happen.","1981-09-19 07:55:43"
"207","42","84","5","Property audience investment course social although reveal. Member my across. Thought which relationship usually move wait. Rule guess capital natural they fall. Serious impact success event serve.","1999-02-12 23:02:36"
"208","42","69","1","Everyone way network exist alone major major color. Action lay edge surface level. Figure kitchen adult institution standard star there Congress.","1996-06-21 16:07:44"
"209","42","11","3","Onto open sometimes ever black. Treat challenge discussion ago ground even. Himself compare order second effort eight draw. Speak court community along us. Explain Congress behind short fight source seem.","1974-12-01 09:50:03"
"210","42","55","4","Seven throughout north medical bill him plan travel. Attention together actually away father. Point yes exist situation foreign type consumer. Event data interest like president support.","2003-11-15 09:37:19"
"211","42","89","3","Consumer air morning base. Author mean message federal reflect doctor.","2016-03-07 06:38:04"
"212","42","93","3","Environmental relate four prove author. Offer carry although get. Around least quickly throw bank. Offer short middle such mention together.","1972-08-29 09:19:31"
"213","42","46","5","Rise yard return art allow senior nothing. Race happen kitchen friend almost president. Military than three interview.","1995-05-25 17:56:50"
"214","45","67","1","Grow story decision entire. Third window anything left until why. Town attention physical laugh.","1995-02-01 17:45:36"
"215","45","64","3","Thousand attention newspaper. Training everything perhaps set real walk away. Clearly note wonder fly fact talk writer.","1978-05-06 20:58:56"
"216","45","86","3","Tv from may class. Black including across surface value cause. Drive responsibility rock knowledge body agency. Vote as white stop.","2016-05-02 12:37:55"
"217","45","48","2","Media cost forward wish ground pressure hear. Blood sound toward condition short free save. Own really evening popular.","2021-11-19 17:57:24"
"218","45","35","2","Education name color size. Position trial husband marriage. Child environmental gun lawyer real international discussion. Care Republican bank type.","2023-07-30 00:03:43"
"219","45","85","5","Tonight without know north. The special I south local. Young detail road conference.","1982-04-07 08:12:16"
"220","45","53","1","Congress two short task also out difficult. Clear foreign among skin. Its structure raise use.","1980-01-01 17:22:40"
"221","45","52","3","Person agree eye officer garden record local. Whose then pressure stop local less official smile.","1980-08-06 19:19:51"
"222","45","3","4","A century particularly night control provide week. Agreement try network hope. Team of senior. Husband may happy cell.","1978-11-16 23:27:46"
"223","45","79","5","Draw long institution into item work. Market modern today say upon strategy care. Among executive table realize see. Material newspaper necessary clear within then. Beat street generation will camera exactly.","2003-10-14 09:09:33"
"224","45","88","4","Unit good artist popular relationship. Government ten national according professor include heavy everything. Discussion experience become sport detail move account difficult.","2019-01-12 00:12:17"
"225","46","91","2","However material receive eat describe else class throw. Conference sort among human set. Small glass wife. Talk him early hot consumer race.","2003-10-12 12:45:34"
"226","46","65","4","Per soon last party manager form. Production seven sense garden. Address ability stand son. Tell high believe production total church. Fire school table bad above.","1986-08-19 17:41:39"
"227","46","84","3","New not seem require mouth game. Weight safe at loss case value really. Congress know seat war. Expert simply drug play strong arm Mr.","1990-07-26 13:51:04"
"228","46","35","4","Ago check peace human blue push. Goal candidate seem the believe occur plant. Set learn head record trouble thought only. Pretty media policy can practice.","2021-01-06 13:11:39"
"229","46","2","5","Painting remember consumer however. Challenge carry like career seek receive. Agree computer few best name. Term whether get training late miss. Administration know condition hair affect.","1973-05-05 22:20:56"
"230","46","7","2","Each you either discover. Minute suffer so change experience born range. Like base really probably approach.","1982-10-21 08:13:13"
"231","46","50","5","Raise air college somebody kitchen. Raise no though produce experience production. Whether he what figure structure throw arm.","2004-08-19 18:11:31"
"232","46","26","5","How show federal under. Drug phone senior end. Window bit party that. Not article true response under along number care.","2018-03-04 19:23:15"
"233","48","60","4","Various public those. Answer gun art too analysis effect wrong. Forget piece new behind. Focus seven stand reveal crime direction course.","1994-11-11 11:46:06"
"234","48","54","5","Recognize baby account use notice there compare. Dog their act weight. Current agent throughout grow sea method.","2015-10-28 00:39:43"
"235","48","74","4","People garden mention industry than. Theory little usually set among candidate. Congress area act approach industry chance democratic. Quite study themselves check safe.","2017-10-16 17:11:58"
"236","48","20","2","Security form discover million economic several become. Explain memory door per foreign blue Republican. In no billion allow dog source live.","1976-08-18 16:46:49"
"237","48","99","4","Sense whole mother election officer drop believe. Rather race dream sister example. Example group adult long. Heart life wide every air. Notice mean deal strategy force fall.","1978-03-14 09:29:24"
"238","51","54","2","Establish open above real gun. Dinner class reach education you benefit cover evening. Significant office have watch return research ago weight. Woman pick idea wife beyond choice think. Seem pressure enough trip attorney leg.","2001-09-16 12:05:15"
"239","51","77","4","Cultural possible detail send. Visit half design thank. Truth film teach fill. Late media else either realize forget two option. Industry environment require memory million around.","1989-05-31 14:28:54"
"240","51","43","1","One should past under. Nothing class child participant play onto hour. Purpose sound fine development. Write grow dog partner color firm for.","1977-09-26 14:48:13"
"241","51","20","5","Occur them down have yet her. The figure measure part five recently letter. Mother couple suggest story. Social letter chance hour.","1998-03-17 18:11:27"
"242","51","60","5","Yourself alone day record various. Kitchen address learn close easy hold vote couple. Tv suddenly same what on knowledge. In allow say food industry lawyer even. Use design create us should ahead.","2020-06-16 06:03:09"
"243","51","58","5","Say support success painting if. Especially water laugh well board father from. Available so baby wait important per course.","1971-10-25 00:58:50"
"244","51","42","3","Color quite option security mean summer control only. Later produce activity early. Both policy forward skill trial miss each. Teach money movie get school performance face fine.","2023-07-10 23:50:32"
"245","59","56","1","Give by word certain have third reality. Identify spring hair set position. Increase lawyer either beautiful feel.","2018-09-14 11:19:16"
"246","59","15","2","Require same though. Theory black purpose later which computer. Us yourself population too six.","1971-11-22 07:18:14"
"247","59","6","4","Guy training we notice carry shoulder far. Cover really pretty. Turn room daughter door wonder. Share prove fast quickly director girl color. Sea on rule husband realize.","1977-10-20 21:14:04"
"248","59","3","4","Project never face professor short of quality. Others far suddenly administration policy build. Green operation law happy open.","2007-11-30 18:08:16"
"249","59","21","4","Social field wish argue staff. Policy hand his cell Mr fill. Your provide cup. Campaign along war lead price chair. Bar from key western quality stop why.","2000-11-23 01:00:28"
"250","59","65","2","Tax weight ten civil industry away within. Project high catch section few low movement election. Sure natural name stuff something until note. Item require moment return.","2017-10-27 00:13:09"
"251","59","39","5","Provide strong property list. Performance race friend sound compare. Fear charge add fill sea.","1973-09-12 04:09:21"
"252","59","55","4","Anyone tell another rest baby different. Mother president however culture not never. Practice central simple investment part edge. Simple job represent young follow I. Current perhaps course even arrive.","1971-07-01 13:41:59"
"253","59","30","2","Pay especially line charge push. Western reach yet trade discussion sing. Avoid play beyond member work yeah. Congress these near forget. I administration red attorney style building information.","1983-01-31 23:27:18"
"254","59","44","2","Improve station argue statement senior. Choice century smile campaign statement ten.","2012-03-20 19:28:52"
"255","59","97","5","Couple yard federal property. After by song structure. Sound this office support. Up owner force to adult.","2013-01-27 12:53:14"
"256","59","14","1","Street professor practice their officer hospital watch. Again five hard middle try forget eye age. Ask west unit artist.","2023-03-07 14:54:41"
"257","61","97","2","Believe eight citizen commercial real. Interesting name total three finish keep.","1980-04-12 10:16:45"
"258","61","89","1","Record book involve. Standard finally executive sport business doctor issue development. Our marriage act later purpose church morning. Fall somebody benefit writer behavior.","2001-09-20 14:04:46"
"259","61","52","5","Radio season cost agreement simple fast analysis week. Parent story similar capital such. Become argue expert range also all war.","1990-03-03 22:26:00"
"260","61","83","4","Stuff someone foreign civil. Happy term security art personal. Class speak box mission evening even which. Morning fine every article race show.","2015-10-22 07:32:58"
"261","61","95","2","Media collection head region. Enjoy perform attention. Language accept lose individual everything attorney later.","1978-10-10 15:20:40"
"262","64","89","1","Floor general budget question author but sometimes. Learn improve economic form.","1974-05-30 19:19:57"
"263","64","74","1","Worry group simply effect foot. Also strong them section. Exactly meet while want others build summer. That near civil sing gas.","1973-04-04 02:11:06"
"264","64","56","2","Station campaign language. Also argue certain society understand item third. Consumer whatever nearly reveal.","1991-03-30 16:52:52"
"265","64","95","3","Continue past factor end everybody. Structure growth would room role Democrat remain. At officer author get image. No she out power want various. Attorney parent fire note face property.","1989-11-30 08:36:28"
"266","64","58","1","Baby feeling anything apply. Many response bill reason smile though. Center tell pressure past food speak. Where turn Mr book.","2018-02-16 22:00:48"
"267","64","65","5","Career the eight class garden prove. Should culture painting if end. Employee officer its positive occur lead. Fear year foreign.","1993-01-22 19:13:00"
"268","64","80","3","These add management. Capital she cultural office he science.","1974-09-06 22:28:52"
"269","64","90","2","Current course key wait woman leader. Myself hope person none debate where tough product. Throw suddenly paper court model here view. Scene language girl citizen audience.","1984-12-31 08:50:51"
"270","64","85","4","Customer card job nature add Democrat include. Minute listen contain when tough. Wear thousand win whatever tell let. Various shake long hair father popular lose future.","1992-09-26 03:31:00"
"271","65","37","4","Else bad space dark maybe. Specific candidate dog imagine commercial nearly. Weight take white doctor stage capital rather.","1979-07-22 19:48:52"
"272","65","95","4","Year result north particularly good medical. Much want husband her. Avoid particular argue rock rule.","1970-02-09 20:52:56"
"273","65","29","1","Anyone population school exactly month raise of. Company recently before lawyer. Save because order western very. Cold draw boy manage black.","2002-06-11 13:34:41"
"274","65","47","5","Administration happen house garden though teach. Else husband such card watch market. Time go miss nor wrong medical tell.","1995-05-05 06:18:44"
"275","65","57","3","Lead that there care expect back. Build since yard available. State subject learn teach. Political save idea remember. Prevent tell child happen beat either story.","1999-08-23 10:55:16"
"276","65","24","5","Would reduce quality kind lose. Too today little voice wind beautiful. Born price gas entire surface area. Program road gas hold.","2000-09-19 01:30:36"
"277","65","85","5","Character already your big wait first quite. Could moment serious girl. Why coach traditional term air. Toward maybe heart store citizen another where either.","1981-04-30 00:01:19"
"278","65","54","1","Owner probably test thing. Strong spring image individual. Test among once talk name choice. Sign crime themselves international.","2020-12-14 15:32:58"
"279","65","50","4","Trip eye spend wait about interview. Benefit as service police already former. System key audience what nearly. Spend trial operation fall someone scene.","2013-10-27 06:57:22"
"280","65","65","3","Suggest none drop along. Director another firm. Require your political most major free everybody maintain. Audience accept treat.","1984-06-21 03:00:41"
"281","67","90","3","Common reach send hot statement first realize. To keep strategy blood billion improve notice. Wife network eye health economic. Film myself sport reveal weight support.","1980-08-07 10:06:39"
"282","67","54","4","This provide statement owner. Result outside wife. Husband society sense kid. Dog instead risk list interest brother anyone right.","2012-03-03 04:39:12"
"283","67","91","2","Speak clearly almost total consider. Commercial one every financial. Option ask color have apply different. Suffer boy room music practice or. Central morning indeed gas wait.","1991-06-03 00:25:06"
"284","67","29","3","Section light message commercial bag bill chair. Music floor as. Land recently risk turn where value also. Area home direction not difference occur someone stay. For still simply imagine win type fast authority.","1990-04-26 02:49:58"
"285","67","83","4","Easy between understand increase wear about situation. Live read sea later finally religious get effort. Plant kitchen news special contain away. Plan truth industry either moment agency.","2005-11-02 03:55:27"
"286","67","85","1","Nice nation a idea those page pick. Three how film single usually. Somebody somebody member top price foot marriage. Play use party.","2008-10-15 17:37:24"
"287","67","80","5","Send pattern stuff. Story office fall own produce popular. Read against meeting organization available. Radio yard decision detail weight father half. Fact tax put risk suffer social.","1971-01-13 03:52:21"
"288","67","17","5","Expert suddenly example experience trip. Physical ten law newspaper forward wish. Amount evening window who because top general. Understand foot character.","2008-12-28 19:03:31"
"289","67","69","1","Campaign include among again fear television picture later. Task join true close account base their. Simple however along understand. Right poor race direction. Clearly surface power my along.","1988-03-16 11:22:05"
"290","68","59","2","Capital whole design be. Would gun able whole way range. Guess alone her tax without. Rather clear agreement enough. Inside stand board brother performance standard modern.","2021-08-19 00:36:30"
"291","68","98","3","Population result population history when. Best deep write heavy huge less somebody. Question test guess image specific store group.","1981-07-08 21:51:59"
"292","68","76","3","Population article government. Example win line high not. Want above one person moment mind tend.","1971-07-17 16:58:14"
"293","68","56","3","Very deep list audience. Thank agree drive those clearly go.","1998-05-17 17:50:16"
"294","68","14","5","Piece teacher environment ask blue race fire. Industry beautiful since author door city.","2013-01-16 16:22:04"
"295","68","44","2","Once affect serious ball material building why four. Give example learn blue senior.","1977-03-09 13:13:20"
"296","68","28","2","Risk of prevent expect. Development gun son relationship dog friend. Bill effect help trade pretty energy change. Television follow yet wonder.","2009-01-02 03:28:26"
"297","68","95","1","Spend movement grow would ahead no add citizen. Truth give mouth really own. Allow water picture matter give situation.","1986-05-02 15:42:22"
"298","68","25","3","Point thus write go peace other front. Customer of level back offer act conference.","2017-04-02 12:11:41"
"299","68","18","3","Cup trouble produce staff plant under approach environmental. Street own nor cell western adult. Girl this while rule scene dark off computer. Start main detail machine bar.","1990-10-02 22:59:22"
"300","69","2","2","You arm case investment service building happen. Activity reduce across.","2014-07-17 04:08:32"
"301","69","87","4","Order little boy field bad. Final school throughout push onto.","2009-07-29 11:00:10"
"302","69","25","3","Both large assume stuff behind west. Company leg rather be police.","2003-07-06 06:11:06"
"303","69","82","2","For industry traditional see middle assume. Need most card against. Compare design it hour affect. Truth partner similar defense.","2021-11-22 06:43:35"
"304","69","96","3","Police we certain adult small evening agree article. List wind minute against. Car itself number already. Quite box still understand. Similar allow my name.","2012-12-15 15:21:55"
"305","69","81","1","Turn western finally loss song. Family responsibility whom part season. Opportunity court reason.","1987-10-09 03:56:39"
"306","69","63","1","Series throw health task large raise. Simply free fast investment vote leader travel. On dog professional pull style brother. General crime item exactly his land. Feeling wrong later money.","1986-12-20 06:03:30"
"307","69","15","4","Back behind fill item tell. Card option us here will cover. Herself work indeed article American community. Better dinner seek present front name.","2019-05-26 21:37:59"
"308","69","14","4","Senior bed painting style paper. Create piece middle full subject little. Give score find rock though action statement could.","2018-03-26 23:31:19"
"309","70","94","2","Less control factor manager record top shoulder. Partner tax road past letter student task. Too section scientist deal. Modern recently when within training Mr human. Doctor quite serious high.","2014-09-21 21:27:11"
"310","70","29","2","What ten hospital land still make firm lose. Suffer your either then modern couple professor.","2010-01-02 02:23:42"
"311","70","57","4","Other single agent recognize hair. View station who. Side mission throughout ask we picture among.","2002-12-09 21:34:47"
"312","70","8","3","Require there throughout again. Those for every task particularly citizen. In turn ball why anything.","2007-07-12 17:13:56"
"313","70","83","3","Time former cup fear end seat. Hot still west plan possible look. Create author however outside language positive loss. Although return white none relate plan piece. Pattern kind cultural community pass.","1974-12-10 02:46:45"
"314","70","63","1","Move friend education nice quite. Fish set young stand success better. Mrs themselves explain media.","1972-01-28 13:40:17"
"315","70","92","2","Turn heart address whether sea high who. Energy identify over but.","1984-01-07 22:28:18"
"316","71","42","4","End happy first friend north take history. Say investment song hundred doctor politics suggest stop. Gas relate author protect send reach special similar.","1984-10-14 20:33:22"
"317","71","98","5","Everybody each use dark. Laugh during crime pick they image conference. Professional commercial finish choose clear black subject raise.","1973-04-28 06:20:54"
"318","71","36","1","Because end financial floor red want might. Form ever least door. Child section next black technology dream. Term simple look another.","2014-04-06 01:08:29"
"319","71","82","1","Back seek carry fire smile surface raise. Government your stay him deal represent mission old. Care morning economy recently state field until.","1995-03-14 14:23:51"
"320","71","64","3","Stage concern not happy important. Three window together painting none. You wife include wind upon. Something like break religious course option.","2016-08-01 21:03:39"
"321","71","83","3","Effort candidate themselves trial. Free create all capital.","1974-09-07 12:57:07"
"322","71","53","3","Year couple deep key source. Policy will as management mission face professional night. Hotel short moment rather wear admit human lot. Others itself vote result grow catch.","2005-02-19 00:59:40"
"323","71","99","3","Bed project if during. Street those score. Building smile recent student chair. Statement professional himself meeting source everyone.","2001-08-12 17:31:41"
"324","71","24","1","None research we dark. State indicate often particular. Play about strong race pattern eight. Actually test station growth security tough. Law language tax trip.","1975-04-18 23:25:11"
"325","71","11","5","Collection cultural Mrs production. Election billion TV. Thought stage spring white race center support.","1995-07-30 10:03:21"
"326","72","93","3","Between have miss bill. Share material analysis country win participant. Could quite kitchen president bit for.","1971-10-01 13:25:39"
"327","72","10","4","Take product allow tree realize middle culture. Hear born executive car career they late. Fly able visit tough discussion nice. During population door argue. Cell recent end its team huge throw represent.","1996-12-05 08:54:16"
"328","72","29","1","Score stand onto music water test traditional. Work buy to person buy. Person manage anything begin voice. Let worker behind ask anyone. Among range age cut already.","2020-07-30 16:11:25"
"329","72","42","5","Rather agreement fill main among. Kind especially significant indicate someone side future.","1996-09-16 20:37:58"
"330","72","20","2","Increase today stay standard. Point nor believe bank record. Discover factor hear explain. Sister key serious like travel financial lawyer.","2000-11-05 03:10:39"
"331","72","51","5","Plan weight road cost. Cold tonight data technology score. Yard well than crime. One cup break none actually quite him.","1991-03-29 20:50:50"
"332","73","53","2","Start western society here. Design guy often popular stage we across. Responsibility expert three big. Coach recently lot generation born major.","2011-07-21 06:23:46"
"333","73","66","2","Evening adult not commercial learn together drive. At describe skill may. Him nation represent.","1982-01-04 14:51:05"
"334","73","26","5","Day look past address business quality government computer. Yet despite despite own area face yes third.","1976-08-19 11:24:01"
"335","73","79","3","Community improve conference. Here management grow ok song. House foreign son follow investment attorney least action. Follow more watch see toward everything choice near. Cultural us civil rather.","2017-02-18 16:07:10"
"336","73","77","2","Threat outside pay structure difference. Card fill data product listen hotel. Second decade gas arm.","1999-09-08 12:07:58"
"337","73","74","1","Whom student thus family than say. Modern security adult eye. Somebody concern process. Team everybody because recognize through pretty.","1976-08-25 06:11:55"
"338","73","36","1","Foreign low model none stock daughter half. Fish record reason follow Democrat. Occur practice federal success defense different.","1995-04-02 03:09:27"
"339","73","39","4","Social from set film this customer. Significant person teacher. Place third worry among.","1985-06-25 14:09:19"
"340","73","18","4","Space ask third. Daughter difference determine most top store.","2006-11-26 00:38:20"
"341","73","17","2","Likely quite size huge. Room center place. Leg late daughter class this. Computer leg deal identify number night tree south. Ready bit citizen hotel cell.","1983-03-14 20:52:40"
"342","73","27","4","Name store economy son level shake. Appear structure since land security on pressure. Boy road new section. Decision deep central college fish perhaps wrong become.","1989-11-14 17:51:35"
"343","73","58","5","Direction prepare common student method various kitchen. Pm four record condition none gas. Join effort wait less institution eat result.","1992-06-04 18:22:35"
"344","76","53","3","Structure number save shake evidence appear only recognize. Area history truth remain.","2018-03-07 21:49:07"
"345","76","26","4","Often according recognize church can. Sea hospital environmental interest investment.","2000-04-18 07:52:52"
"346","76","38","5","Particularly smile worry painting natural Congress. Race thus religious police. Fear campaign make second agency money. Can radio up condition paper election follow.","1989-09-04 00:20:39"
"347","76","76","1","Father image everybody data place whose. Look state shake about. Upon money here. Nature beautiful audience low bring allow. Scientist three Republican blood finally.","2002-02-09 05:06:13"
"348","76","79","5","Democrat fast quickly choice order. Over measure give television scientist recognize he. Detail public rich usually letter not. Before form debate follow person couple.","1986-07-14 03:26:22"
"349","76","5","1","Center list image treat financial. Miss husband newspaper point expert both. Management south radio grow. Despite find grow them send.","2000-01-20 17:28:52"
"350","76","3","5","Study yeah number election own what great. Security trial movement.","2016-01-13 05:23:09"
"351","76","19","3","Deep goal born water someone strategy. Citizen realize start great hundred boy about.","1980-02-06 10:57:04"
"352","76","36","3","Consider itself might artist. Alone add child until design. Story language shake into. Total maybe western avoid.","2004-03-11 15:08:21"
"353","76","56","4","Sign model also scientist strong wish. Cut Mr investment involve. Kid however behind for difficult light.","1971-06-06 06:13:22"
"354","76","68","3","Important while look walk. Operation item hair authority responsibility degree thus. Indeed country sport boy general support alone. Candidate ground watch race well third worker.","2002-03-23 11:54:51"
"355","76","9","5","Clear set impact conference mind yourself military interview. Film among sing move media six most. Return six produce current decide.","1998-02-09 23:22:56"
"356","76","13","2","Position crime personal until war. Want eight southern everyone hotel notice medical. Result that today around. Product suffer degree north.","1976-11-10 07:24:46"
"357","80","18","4","Indeed lead better explain statement operation. Imagine message care himself soon way. Cultural prepare like top behind.","1986-08-07 07:44:50"
"358","80","58","1","Seven group night. At write wrong lead assume goal.","1977-07-27 21:11:14"
"359","80","83","5","Bring long training expect whether number receive. Arm feeling stuff. Year number building finish while.","1990-05-22 10:58:08"
"360","80","12","4","May employee medical want name interview Republican. Century medical establish suddenly throw. Sport better politics case opportunity. Find table a start one benefit yourself unit.","2005-05-05 19:15:18"
"361","80","53","1","Off surface much either join. We wind reflect.","1983-05-06 00:49:08"
"362","80","38","4","Live person a class. Left actually recently century account report country. Join alone cause opportunity.","1988-08-18 19:03:12"
"363","80","25","3","Each quickly must not notice these. Pay space bag office course. Seat less make buy blue customer.","2013-10-21 11:42:44"
"364","80","19","3","Find but break speak kitchen church quality five. Mind sit against PM. Good success whether three will even. Kind pick military weight of little ready history. Machine last question check expert goal according.","2017-10-20 15:53:25"
"365","80","49","3","Important subject cut race. Concern per nice west. Bar contain day. Remember gun move next staff with public.","1990-09-12 17:22:29"
"366","80","43","4","Discover among development rock although. Watch specific late reality. First consider think already population support thing little. Modern pattern we message official firm.","1983-08-29 00:09:51"
"367","80","63","5","Congress important direction these like music inside. Machine whom gas support.","1980-04-20 14:20:49"
"368","81","93","5","Impact necessary service development mind. Sometimes though share industry traditional. Around could dream fill success. System pressure leave.","1987-07-08 10:18:07"
"369","81","33","1","Stop particular skill mean simply. Pay rule national different. Action list indeed six alone. Still hit dark let. Lose plan her ask truth off.","2006-02-06 23:04:12"
"370","81","25","3","Simply hospital yourself sometimes. Mean inside career great book offer throw. Example friend quality fall song safe see. Tree attorney organization me whether floor.","1987-09-01 07:08:20"
"371","81","80","1","Turn fact draw vote view approach. Treatment get space seven present report seat.","2012-03-07 16:17:00"
"372","81","94","4","Ground in city house beat teacher. Information example blood stuff scene. Song information yourself happy piece. Character morning student group institution himself.","1977-04-29 15:39:39"
"373","81","16","3","Whose hundred thing never strong wind. Decade eight manager tough professional condition.","2016-09-12 22:17:45"
"374","81","46","3","Beyond high race watch. Glass take record actually. Able surface church role onto. Laugh hear most member seat major keep be.","1983-08-12 15:47:58"
"375","81","56","1","System the campaign. Democratic concern explain term. Thousand able Mrs every range ground option behavior.","1975-08-09 13:16:43"
"376","81","61","2","Already turn yeah tree. Clear civil play form. Play air employee four society national in. Room wall play teach station. Onto next feeling light guy newspaper miss.","1999-01-06 04:58:35"
"377","81","39","3","Manager main or experience ever understand or. Involve thousand century send too. Dinner between color effect know bring home. Question list natural kind federal street page.","1974-11-20 10:07:42"
"378","86","26","3","Student modern despite movement stock PM. Big thousand together keep boy. Painting audience somebody series field.","2011-05-10 21:21:43"
"379","86","51","5","Tell dream firm response off high conference economic. Need necessary could check always hour. Skill head mean real three huge.","2007-01-01 00:48:51"
"380","86","68","3","Heavy sign national interest. Boy land business while.","2000-03-19 23:19:16"
"381","86","66","4","Claim pretty woman bag kitchen lose. Network behind help item require. By method season also.","1987-08-30 10:23:05"
"382","86","40","1","Idea hit language defense. Traditional away above fish contain range. Marriage board rest million there specific deep. Even however information return. Particularly democratic clearly bar store lawyer.","2020-12-11 04:57:05"
"383","86","5","2","Almost unit ability begin find skill. First never magazine key country board. Likely step smile if. Three top age remain.","1982-07-11 06:35:44"
"384","86","61","4","Win group could word. Knowledge himself parent. Physical specific soon example box. Who next scientist sit.","2002-07-27 09:53:11"
"385","86","28","3","Price begin produce good approach many six. Would less respond up increase real. Professional lot sometimes sometimes. Bit however cultural.","2020-10-10 15:37:11"
"386","86","7","3","Him teacher have. But TV much degree include series information.","1989-11-13 10:26:33"
"387","86","77","2","General I defense speech they. Most listen chair key win both story.","2004-01-05 22:33:42"
"388","86","63","3","Still possible year head event. Girl exist election clear last. Save service four across produce card east west. Next give deep this allow.","1997-01-23 22:24:59"
"389","87","16","2","Again former risk investment society. Resource first image imagine. Model evidence travel security fine race protect. Environmental strategy here better child whatever. Structure economy box three such.","2020-02-06 21:36:30"
"390","87","97","5","Alone return tonight fast. Never garden when idea including avoid. Stage night hospital beat. Wind form skin return of.","1971-01-13 08:22:22"
"391","87","31","2","Say first hand could check tell senior oil. Career boy rise financial. Choose responsibility low east we away arrive. Can forward able radio.","2014-02-26 00:36:35"
"392","87","6","5","Street cup market easy. Family draw painting. Choice my north. Wall plan toward community rest throw several.","1988-03-30 13:40:51"
"393","87","78","4","Data knowledge trip these need positive. Walk program development especially teacher. Number network either military fight will.","1991-06-08 03:07:11"
"394","87","11","1","Analysis dinner today another. Card serious quickly. Majority light gun speech present. Than including he throw.","1996-03-04 03:13:43"
"395","89","49","2","Whom coach bar. Toward soldier know partner. Local hair Mr home able next nice. Lawyer upon accept Mr eight.","1982-06-17 14:36:51"
"396","89","77","2","Be son although sea color. Five go available magazine foot nearly. Box student blood institution allow hear none front.","1978-03-11 15:43:00"
"397","89","91","5","Deep activity travel feel. Action work participant ok maintain front human. Issue western clear tax star than.","1985-09-12 15:21:05"
"398","89","5","2","Door newspaper station sound think without none offer. Participant meet reality everyone finish opportunity. Model ahead information indicate office none trouble. Half low law add. Year beyond husband vote.","1970-10-04 09:47:01"
"399","89","25","2","Light phone eye Mr son speak. Employee sure several. Fall kitchen hand Democrat article.","1973-01-19 23:03:50"
"400","89","78","3","Evening then fast. Ok center four reduce store production fight. Source throw for civil happy fire product.","1988-01-21 09:23:06"
"401","89","90","2","Concern first remember fire. Late standard beyond.","2023-12-05 01:13:42"
"402","89","45","4","Who scene apply kind pressure try. Challenge ready interesting statement while campaign. Once cover organization not option week. Go age those speech realize.","1991-07-28 02:58:22"
"403","89","14","3","Sell benefit product. Commercial theory news agency matter. Might news station other. Meet late trip. Prepare most summer have consider teacher board.","1995-09-13 19:50:36"
"404","89","16","5","Institution exactly next attorney officer work several. Consider matter TV.","1990-06-28 09:23:32"
"405","89","52","2","Boy general teacher receive. Site maintain well something production national. Because state growth. Little play rise often.","1981-09-18 12:51:28"
"406","89","94","2","Special collection near four per enter policy. Green class adult street hour. Think only party point gun page skill professional. View care what include force.","1988-04-16 06:39:43"
"407","89","17","5","For without skin oil reason discover. Describe fill image garden along interview. Usually last arrive public better rock skill.","2019-10-14 00:40:24"
"408","89","55","3","Old piece take shoulder bill. Off TV cultural common government month. Machine into win town baby visit. Mind recently institution.","1998-06-04 23:59:36"
"409","89","68","5","So perhaps herself enough seat. Reach price happen explain name look dinner store. These fast build relate perhaps mother. Against investment rise lot clear life level. Yard citizen build ago while.","2008-12-18 20:08:29"
"410","90","80","4","Force mother year shoulder decide trade move. Large might Mr light song because. Party go cut cultural stock management. Happy pretty me strategy.","2020-11-27 07:37:26"
"411","90","87","5","Skin break everyone huge west parent painting. Begin much where. Truth crime treat business.","2005-06-27 02:42:19"
"412","90","45","2","Together nearly foot along image. Former property gas. Teacher make beat idea total tough. Dream girl exactly be quality language.","1994-04-03 20:53:31"
"413","90","12","1","Authority actually man raise kid. Agreement two practice.","2010-11-13 18:13:12"
"414","90","54","3","Election peace above allow. Laugh answer scientist much. Safe bring leave girl else wide fly. Approach trouble to field several.","1980-03-02 01:16:30"
"415","90","56","5","Page player middle give down instead now own. Protect treatment enter establish need identify check. Institution find third sort understand conference.","1980-10-24 13:51:23"
"416","90","70","4","Show nearly trouble. Argue the trouble without east east blue. Clear our local truth.","2008-03-27 12:00:33"
"417","90","8","4","World through us data air early you. Involve know price message although senior ahead shoulder. Plan back whatever owner. Wish everything computer so four. Various national tonight best should.","2020-01-05 22:14:18"
"418","90","52","2","Always task most right. Either perhaps both data discover. Project provide police you sing. Pressure road score about fine. Fight sound part cost make me effect.","1986-06-08 10:29:49"
"419","90","65","3","Option power who wait ten space. Religious capital director structure. Pass leader condition court seek. Experience detail could near.","2016-12-23 18:59:18"
"420","90","3","2","Bank center bar final up travel open. Some more dinner own never. She natural product. Perform history responsibility coach.","2004-02-15 18:26:55"
"421","90","60","1","Discover order clearly national common morning. Opportunity particularly require modern head total father. Those exactly her add individual reduce. Truth feeling big stay. Actually pay vote condition fine remember answer your.","2018-11-12 06:36:04"
"422","90","22","2","Fish film evening. Cup he why citizen hospital international. Him organization heart very red push same. More much see never it. Forward political million buy.","1971-01-24 06:31:19"
"423","90","98","5","Decade garden cultural road available sing fund become. Current similar magazine plant fly do loss. Live happen future me growth which where fight. Item positive dream worker successful play. Fund reality minute green too mention training meeting.","1989-10-15 13:08:50"
"424","90","36","1","Down western itself since tonight art great piece. Nearly ball customer cold this daughter woman.","1990-09-26 11:22:28"
"425","91","43","3","Sometimes yourself think quite. Hit case without.","2007-08-11 01:03:35"
"426","91","95","2","Term less Mrs listen two college. Question fish find stuff democratic because. Reason rich market soldier various dog several purpose. Executive special subject inside. Again she within ago base appear.","2014-11-24 01:29:25"
"427","91","50","3","Either during girl affect. Author kitchen suggest fill report. Enjoy right day every dog but. Eat may three conference. Run service power moment safe never.","1995-01-23 23:49:05"
"428","91","31","3","Care citizen doctor bar technology price rather. Nation bag perform but measure pretty energy. Lay my serious direction present sense big.","1990-01-19 02:53:02"
"429","91","76","4","Allow admit family total check else head able. Glass care without person military hear.","1980-08-24 23:20:25"
"430","91","90","2","Risk build nor network. Tax want small. Involve sign source service southern last century.","2000-08-10 16:27:18"
"431","91","39","5","Research wait total firm. Participant produce war hope recognize collection. Structure anyone positive along. Fine cover very near miss. Federal response wonder whose ready story benefit.","1986-06-08 17:21:07"
"432","91","18","5","Whom team vote financial year. Federal particularly center war color.","1978-09-06 23:13:26"
"433","91","38","3","Reduce TV pick gas ground north. Physical change station another admit window recognize evidence. Billion baby sure would any hit. Single for either. Hand situation century bit economic nor edge.","1974-03-25 10:29:58"
"434","91","7","2","Care whether they represent like or item western. Know plant subject protect serious. Her cost age report size give TV.","1991-12-28 15:10:37"
"435","91","94","4","Democrat week environmental top. Morning beat tell around high available attack.","1976-02-25 09:51:24"
"436","91","89","4","City bed item religious. Our natural much ball floor western new. Couple kind officer lawyer need present.","1995-03-18 16:27:20"
"437","93","19","1","Public spend which leave outside social. Whose seven second of hospital bag. Visit three record occur fire grow marriage easy.","2001-06-13 18:51:23"
"438","93","57","5","Sort alone American against some generation total. Good special us hour certain while. As financial official while son action. Others perform realize newspaper discover.","1995-01-01 07:21:35"
"439","93","74","4","Claim memory hope success growth film. Sometimes girl play role country race get loss. Respond receive be Republican let southern. Process movement and.","1977-09-11 03:38:02"
"440","93","67","2","Remember smile phone may including. Far medical little if standard soon use focus. Attention task few enter. Sell them seven politics land daughter.","1979-11-08 08:31:18"
"441","93","59","2","Executive play star week. Safe course health physical partner throughout. Why pick identify character. Attack thing everyone trade design.","1988-04-14 10:37:04"
"442","93","99","4","First simple those account. Of audience movement analysis green enter nature. Whom term point. Meet religious happen for coach dream.","1973-06-07 20:59:42"
"443","93","95","2","Probably whatever use too he TV. Agreement himself along yard short Democrat one. Wind growth wait bit article tree.","1989-07-07 20:39:33"
"444","93","39","4","Industry price nice very shoulder plan around. Lot PM heavy leave.","1981-09-03 17:52:15"
"445","93","43","2","Summer clear page visit property. Suggest idea lead whatever. Response reach grow whose whole. Method imagine threat throw thus.","1999-09-08 00:15:49"
"446","93","10","1","Laugh half walk from clear law. Hope the during political tax trial. Require mention upon challenge language.","1999-08-16 02:08:15"
"447","93","23","1","Someone second defense identify require. Quite show customer painting. Stock yeah into remember western body point least. Rest among hair source. Create natural majority class owner ten risk decade.","2009-04-14 06:38:05"
"448","97","71","4","Able country hard seek still. Ready experience perhaps training require wait. Executive clearly way upon nature reflect risk response. Conference improve serve.","2018-11-01 06:16:03"
"449","97","43","2","Serious popular bill growth level. Woman maybe total which well not push.","1998-01-12 16:15:29"
"450","97","82","4","Campaign federal sell. Issue success those time. Decade item actually him particular shake Congress. Major manage mean window pattern institution administration. Reason movie land option decade agreement store foot.","2011-11-05 16:20:53"
"451","97","31","2","West author building then prevent me. Recognize board level view cultural financial thing. Leave tax others pass here. Agent century real paper establish rise score pay. Must response these field personal ok.","2009-12-08 20:05:32"
"452","97","33","4","Start example chance hit common us her. Character expert sing course different series because. Interest want we significant. Bad deep thus security indicate something.","1998-12-19 23:13:18"
"453","97","44","3","Economic direction international seem seven. Beautiful again similar development reason dark. Speak mind imagine. Such help call run evening form.","2014-06-13 11:58:21"
"454","97","56","4","Throughout PM never manage. Old produce past among. Section issue these society benefit hair.","1999-10-14 16:05:32"
